regiao;coduf;data;semanaEpi;populacaoTCU2019;casosAcumulado;casosNovos;obitosAcumulado;obitosNovos;Recuperadosnovos;emAcompanhamentoNovos;interior/metropolitana
Brasil;76;25/02/2020;9;210147125;0;0;0;0;;;
Brasil;76;26/02/2020;9;210147125;1;1;0;0;;;
Brasil;76;27/02/2020;9;210147125;1;0;0;0;;;
Brasil;76;28/02/2020;9;210147125;1;0;0;0;;;
Brasil;76;29/02/2020;9;210147125;2;1;0;0;;;
Brasil;76;01/03/2020;10;210147125;2;0;0;0;;;
Brasil;76;02/03/2020;10;210147125;2;0;0;0;;;
Brasil;76;03/03/2020;10;210147125;2;0;0;0;;;
Brasil;76;04/03/2020;10;210147125;3;1;0;0;;;
Brasil;76;05/03/2020;10;210147125;7;4;0;0;;;
Brasil;76;06/03/2020;10;210147125;13;6;0;0;;;
Brasil;76;07/03/2020;10;210147125;19;6;0;0;;;
Brasil;76;08/03/2020;11;210147125;25;6;0;0;;;
Brasil;76;09/03/2020;11;210147125;25;0;0;0;;;
Brasil;76;10/03/2020;11;210147125;34;9;0;0;;;
Brasil;76;11/03/2020;11;210147125;52;18;0;0;;;
Brasil;76;12/03/2020;11;210147125;77;25;0;0;;;
Brasil;76;13/03/2020;11;210147125;98;21;0;0;;;
Brasil;76;14/03/2020;11;210147125;121;23;0;0;;;
Brasil;76;15/03/2020;12;210147125;200;79;0;0;;;
Brasil;76;16/03/2020;12;210147125;234;34;0;0;;;
Brasil;76;17/03/2020;12;210147125;291;57;1;1;;;
Brasil;76;18/03/2020;12;210147125;428;137;4;3;;;
Brasil;76;19/03/2020;12;210147125;621;193;6;2;;;
Brasil;76;20/03/2020;12;210147125;904;283;11;5;;;
Brasil;76;21/03/2020;12;210147125;1128;224;18;7;;;
Brasil;76;22/03/2020;13;210147125;1546;418;25;7;;;
Brasil;76;23/03/2020;13;210147125;1891;345;34;9;;;
Brasil;76;24/03/2020;13;210147125;2201;310;46;12;;;
Brasil;76;25/03/2020;13;210147125;2433;232;57;11;;;
Brasil;76;26/03/2020;13;210147125;2915;482;77;20;;;
Brasil;76;27/03/2020;13;210147125;3417;502;92;15;;;
Brasil;76;28/03/2020;13;210147125;3903;486;114;22;;;
Brasil;76;29/03/2020;14;210147125;4256;353;136;22;;;
Brasil;76;30/03/2020;14;210147125;4579;323;159;23;;;
Brasil;76;31/03/2020;14;210147125;5717;1138;201;42;;;
Brasil;76;01/04/2020;14;210147125;6834;1117;241;40;;;
Brasil;76;02/04/2020;14;210147125;7910;1076;299;58;;;
Brasil;76;03/04/2020;14;210147125;9056;1146;359;60;;;
Brasil;76;04/04/2020;14;210147125;10278;1222;432;73;;;
Brasil;76;05/04/2020;15;210147125;11130;852;486;54;;;
Brasil;76;06/04/2020;15;210147125;12056;926;553;67;;;
Brasil;76;07/04/2020;15;210147125;13717;1661;667;114;;;
Brasil;76;08/04/2020;15;210147125;15927;2210;800;133;;;
Brasil;76;09/04/2020;15;210147125;17857;1930;941;141;;;
Brasil;76;10/04/2020;15;210147125;19638;1781;1056;115;;;
Brasil;76;11/04/2020;15;210147125;20727;1089;1124;68;;;
Brasil;76;12/04/2020;16;210147125;22169;1442;1223;99;;;
Brasil;76;13/04/2020;16;210147125;23430;1261;1328;105;;;
Brasil;76;14/04/2020;16;210147125;25262;1832;1532;204;;;
Brasil;76;15/04/2020;16;210147125;28320;3058;1736;204;;;
Brasil;76;16/04/2020;16;210147125;30425;2105;1924;188;;;
Brasil;76;17/04/2020;16;210147125;33682;3257;2141;217;;;
Brasil;76;18/04/2020;16;210147125;36599;2917;2347;206;;;
Brasil;76;19/04/2020;17;210147125;38654;2055;2462;115;22130;14062;
Brasil;76;20/04/2020;17;210147125;40581;1927;2575;113;22991;15015;
Brasil;76;21/04/2020;17;210147125;43079;2498;2741;166;24325;16013;
Brasil;76;22/04/2020;17;210147125;45757;2678;2906;165;25318;17533;
Brasil;76;23/04/2020;17;210147125;49492;3735;3313;407;26573;19606;
Brasil;76;24/04/2020;17;210147125;52995;3503;3670;357;27655;21670;
Brasil;76;25/04/2020;17;210147125;58509;5514;4016;346;29160;25333;
Brasil;76;26/04/2020;18;210147125;61888;3379;4205;189;30152;27531;
Brasil;76;27/04/2020;18;210147125;66501;4613;4543;338;31142;30816;
Brasil;76;28/04/2020;18;210147125;71886;5385;5017;474;32544;34325;
Brasil;76;29/04/2020;18;210147125;78162;6276;5466;449;34132;38564;
Brasil;76;30/04/2020;18;210147125;85380;7218;5901;435;35935;43544;
Brasil;76;01/05/2020;18;210147125;91299;5919;6329;428;38039;47221;
Brasil;76;02/05/2020;18;210147125;96396;5097;6724;395;40937;48872;
Brasil;76;03/05/2020;19;210147125;101147;4751;7025;301;42991;51131;
Brasil;76;04/05/2020;19;210147125;107780;6633;7321;296;45186;55273;
Brasil;76;05/05/2020;19;210147125;114715;6935;7921;600;48221;58573;
Brasil;76;06/05/2020;19;210147125;125218;10503;8535;614;51370;65312;
Brasil;76;07/05/2020;19;210147125;135106;9888;9146;611;55350;70610;
Brasil;76;08/05/2020;19;210147125;145328;10222;9895;749;59297;76134;
Brasil;76;09/05/2020;19;210147125;155939;10611;10627;732;61685;83627;
Brasil;76;10/05/2020;20;210147125;162699;6760;11123;496;64957;86619;
Brasil;76;11/05/2020;20;210147125;168331;5632;11519;396;67384;89429;
Brasil;76;12/05/2020;20;210147125;177589;9258;12400;881;72597;92593;
Brasil;76;13/05/2020;20;210147125;188974;11385;13149;749;78424;97402;
Brasil;76;14/05/2020;20;210147125;202918;13944;13993;844;79479;109446;
Brasil;76;15/05/2020;20;210147125;218223;15305;14817;824;84970;118436;
Brasil;76;16/05/2020;20;210147125;233142;14919;15633;816;89672;127837;
Brasil;76;17/05/2020;21;210147125;241080;7938;16118;485;94122;130840;
Brasil;76;18/05/2020;21;210147125;254220;13140;16792;674;100459;136969;
Brasil;76;19/05/2020;21;210147125;271628;17408;17971;1179;106794;146863;
Brasil;76;20/05/2020;21;210147125;291579;19951;18859;888;116683;156037;
Brasil;76;21/05/2020;21;210147125;310087;18508;20047;1188;125960;164080;
Brasil;76;22/05/2020;21;210147125;330890;20803;21046;999;135430;174412;
Brasil;76;23/05/2020;21;210147125;347398;16508;22013;967;142587;182798;
Brasil;76;24/05/2020;22;210147125;363211;15813;22666;653;149911;190634;
Brasil;76;25/05/2020;22;210147125;374898;11687;23473;807;153833;197592;
Brasil;76;26/05/2020;22;210147125;391222;16324;24512;1039;158593;208117;
Brasil;76;27/05/2020;22;210147125;411821;20599;25598;1086;166647;219576;
Brasil;76;28/05/2020;22;210147125;438238;26417;26754;1156;177604;233880;
Brasil;76;29/05/2020;22;210147125;465166;26928;27878;1124;189476;247812;
Brasil;76;30/05/2020;22;210147125;498440;33274;28834;956;200892;268714;
Brasil;76;31/05/2020;23;210147125;514200;15760;29314;480;206555;278331;
Brasil;76;01/06/2020;23;210147125;526447;12247;29937;623;211080;285430;
Brasil;76;02/06/2020;23;210147125;555383;28936;31199;1262;223638;300546;
Brasil;76;03/06/2020;23;210147125;584016;28633;32548;1349;238617;312851;
Brasil;76;04/06/2020;23;210147125;614941;30925;34021;1473;254963;325957;
Brasil;76;05/06/2020;23;210147125;645771;30830;35026;1005;266940;343805;
Brasil;76;06/06/2020;23;210147125;672846;27075;35930;904;277149;359767;
Brasil;76;07/06/2020;24;210147125;691758;18912;36455;525;283952;371351;
Brasil;76;08/06/2020;24;210147125;707412;15654;37134;679;290040;380238;
Brasil;76;09/06/2020;24;210147125;739503;32091;38406;1272;311064;390033;
Brasil;76;10/06/2020;24;210147125;772416;32913;39680;1274;325395;407341;
Brasil;76;11/06/2020;24;210147125;802828;30412;40919;1239;345595;416314;
Brasil;76;12/06/2020;24;210147125;828810;25982;41828;909;365063;421919;
Brasil;76;13/06/2020;24;210147125;850514;21704;42720;892;379245;428549;
Brasil;76;14/06/2020;25;210147125;867624;17110;43332;612;388492;435800;
Brasil;76;15/06/2020;25;210147125;888271;20647;43959;627;412252;432060;
Brasil;76;16/06/2020;25;210147125;923189;34918;45241;1282;441729;436219;
Brasil;76;17/06/2020;25;210147125;955377;32188;46510;1269;463474;445393;
Brasil;76;18/06/2020;25;210147125;978142;22765;47748;1238;482102;448292;
Brasil;76;19/06/2020;25;210147125;1032913;54771;48954;1206;507200;476759;
Brasil;76;20/06/2020;25;210147125;1067579;34666;49976;1022;520734;496869;
Brasil;76;21/06/2020;26;210147125;1085038;17459;50617;641;549386;485035;
Brasil;76;22/06/2020;26;210147125;1106470;21432;51271;654;571649;483550;
Brasil;76;23/06/2020;26;210147125;1145906;39436;52645;1374;613345;479916;
Brasil;76;24/06/2020;26;210147125;1188631;42725;53830;1185;649908;484893;
Brasil;76;25/06/2020;26;210147125;1228114;39483;54971;1141;673729;499414;
Brasil;76;26/06/2020;26;210147125;1274974;46860;55961;990;697526;521487;
Brasil;76;27/06/2020;26;210147125;1313667;38693;57070;1109;715905;540692;
Brasil;76;28/06/2020;27;210147125;1344143;30476;57622;552;733848;552673;
Brasil;76;29/06/2020;27;210147125;1368195;24052;58314;692;757462;552419;
Brasil;76;30/06/2020;27;210147125;1402041;33846;59594;1280;790040;552407;
Brasil;76;01/07/2020;27;210147125;1448753;46712;60632;1038;826866;561255;
Brasil;76;02/07/2020;27;210147125;1496858;48105;61884;1252;852816;582158;
Brasil;76;03/07/2020;27;210147125;1539081;42223;63174;1290;868372;607535;
Brasil;76;04/07/2020;27;210147125;1577004;37923;64265;1091;876359;636380;
Brasil;76;05/07/2020;28;210147125;1603055;26051;64867;602;906286;631902;
Brasil;76;06/07/2020;28;210147125;1623284;20229;65487;620;927292;630505;
Brasil;76;07/07/2020;28;210147125;1668589;45305;66741;1254;976977;624871;
Brasil;76;08/07/2020;28;210147125;1713160;44571;67964;1223;1020901;624295;
Brasil;76;09/07/2020;28;210147125;1755779;42619;69184;1220;1054043;632552;
Brasil;76;10/07/2020;28;210147125;1800827;45048;70398;1214;1078763;651666;
Brasil;76;11/07/2020;28;210147125;1839850;39023;71469;1071;1100873;667508;
Brasil;76;12/07/2020;29;210147125;1864681;24831;72100;631;1123204;669377;
Brasil;76;13/07/2020;29;210147125;1884967;20286;72833;733;1154837;657297;
Brasil;76;14/07/2020;29;210147125;1926824;41857;74133;1300;1209208;643483;
Brasil;76;15/07/2020;29;210147125;1966748;39924;75366;1233;1255564;635818;
Brasil;76;16/07/2020;29;210147125;2012151;45403;76688;1322;1296328;639135;
Brasil;76;17/07/2020;29;210147125;2046328;34177;77851;1163;1321036;647441;
Brasil;76;18/07/2020;29;210147125;2074860;28532;78772;921;1342362;653726;
Brasil;76;19/07/2020;30;210147125;2098389;23529;79488;716;1371229;647672;
Brasil;76;20/07/2020;30;210147125;2118646;20257;80120;632;1409202;629324;
Brasil;76;21/07/2020;30;210147125;2159654;41008;81487;1367;1465970;612197;
Brasil;76;22/07/2020;30;210147125;2227514;67860;82771;1284;1532138;612605;
Brasil;76;23/07/2020;30;210147125;2287475;59961;84082;1311;1570237;633156;
Brasil;76;24/07/2020;30;210147125;2343366;55891;85238;1156;1592281;665847;
Brasil;76;25/07/2020;30;210147125;2394513;51147;86449;1211;1617480;690584;
Brasil;76;26/07/2020;31;210147125;2419091;24578;87004;555;1634274;697813;
Brasil;76;27/07/2020;31;210147125;2442375;23284;87618;614;1667667;687090;
Brasil;76;28/07/2020;31;210147125;2483191;40816;88539;921;1721560;673092;
Brasil;76;29/07/2020;31;210147125;2552265;69074;90134;1595;1786753;675378;
Brasil;76;30/07/2020;31;210147125;2610102;57837;91263;1129;1824095;694744;
Brasil;76;31/07/2020;31;210147125;2662485;52383;92475;1212;1844051;725959;
Brasil;76;01/08/2020;31;210147125;2707877;45392;93563;1088;1865729;748585;
Brasil;76;02/08/2020;32;210147125;2733677;25800;94104;541;1883677;755896;
Brasil;76;03/08/2020;32;210147125;2750318;16641;94665;561;1912319;743334;
Brasil;76;04/08/2020;32;210147125;2801921;51603;95819;1154;1970767;735335;
Brasil;76;05/08/2020;32;210147125;2857597;55676;97240;1421;2020637;741180;
Brasil;76;06/08/2020;32;210147125;2912212;54615;98493;1253;2080916;781954;
Brasil;76;07/08/2020;32;210147125;2962442;50230;99572;1079;2068394;794476;
Brasil;76;08/08/2020;32;210147125;3012412;49970;100477;905;2094293;817642;
Brasil;76;09/08/2020;33;210147125;3035422;23010;101049;572;2118460;815913;
Brasil;76;10/08/2020;33;210147125;3057470;22048;101752;703;2163812;791906;
Brasil;76;11/08/2020;33;210147125;3109630;52160;103026;1274;2243124;763480;
Brasil;76;12/08/2020;33;210147125;3164785;55155;104201;1175;2309477;751107;
Brasil;76;13/08/2020;33;210147125;3224876;60091;105463;1262;2356640;762773;
Brasil;76;14/08/2020;33;210147125;3275520;50644;106523;1060;2384302;784695;
Brasil;76;15/08/2020;33;210147125;3317096;41576;107232;709;2404272;805592;
Brasil;76;16/08/2020;34;210147125;3340197;23101;107852;620;2432456;799889;
Brasil;76;17/08/2020;34;210147125;3359570;19373;108536;684;2478494;772540;
Brasil;76;18/08/2020;34;210147125;3407354;47784;109888;1352;2554179;743287;
Brasil;76;19/08/2020;34;210147125;3456652;49298;111100;1212;2615254;730298;
Brasil;76;20/08/2020;34;210147125;3501975;45323;112304;1204;2653407;736264;
Brasil;76;21/08/2020;34;210147125;3532330;30355;113358;1054;2670755;748217;
Brasil;76;22/08/2020;34;210147125;3582362;50032;114250;892;2709638;758474;
Brasil;76;23/08/2020;35;210147125;3605783;23421;114744;494;2739035;752004;
Brasil;76;24/08/2020;35;210147125;3622861;17078;115309;565;2778709;728843;
Brasil;76;25/08/2020;35;210147125;3669995;47134;116580;1271;2848395;705020;
Brasil;76;26/08/2020;35;210147125;3717156;47161;117665;1085;2908848;690642;
Brasil;76;27/08/2020;35;210147125;3761391;44235;118649;984;2947250;695492;
Brasil;76;28/08/2020;35;210147125;3804803;43412;119504;855;2976796;708503;
Brasil;76;29/08/2020;35;210147125;3846153;41350;120462;958;3006679;719012;
Brasil;76;30/08/2020;36;210147125;3862311;16158;120828;366;3031626;709857;
Brasil;76;31/08/2020;36;210147125;3908272;45961;121381;553;3097734;689157;
Brasil;76;01/09/2020;36;210147125;3950931;42659;122596;1215;3159096;669239;
Brasil;76;02/09/2020;36;210147125;3997865;46934;123780;1184;3210405;663680;
Brasil;76;03/09/2020;36;210147125;4041638;43773;124614;834;3247610;669414;
Brasil;76;04/09/2020;36;210147125;4092832;51194;125521;907;3278918;688393;
Brasil;76;05/09/2020;36;210147125;4123000;30168;126203;682;3296702;700095;
Brasil;76;06/09/2020;37;210147125;4137521;14521;126650;447;3317227;693644;
Brasil;76;07/09/2020;37;210147125;4147794;10273;126960;310;3355564;665270;
Brasil;76;08/09/2020;37;210147125;4162073;14279;127464;504;3397234;637375;
Brasil;76;09/09/2020;37;210147125;4197889;35816;128539;1075;3453336;616014;
Brasil;76;10/09/2020;37;210147125;4238446;40557;129522;983;3497337;611587;
Brasil;76;11/09/2020;37;210147125;4282164;43718;130396;874;3530655;621113;
Brasil;76;12/09/2020;37;210147125;4315687;33523;131210;814;3553421;631056;
Brasil;76;13/09/2020;38;210147125;4330455;14768;131625;415;3573958;624872;
Brasil;76;14/09/2020;38;210147125;4345610;15155;132006;381;3613184;600420;
Brasil;76;15/09/2020;38;210147125;4382263;36653;133119;1113;3671128;578016;
Brasil;76;16/09/2020;38;210147125;4419083;36820;134106;987;3720312;564665;
Brasil;76;17/09/2020;38;210147125;4455386;36303;134935;829;3753082;567369;
Brasil;76;18/09/2020;38;210147125;4495183;39797;135793;858;3789139;570251;
Brasil;76;19/09/2020;38;210147125;4528240;33057;136532;739;3820095;571613;
Brasil;76;20/09/2020;39;210147125;4544629;16389;136895;363;3851227;556507;
Brasil;76;21/09/2020;39;210147125;4558068;13439;137272;377;3887199;533597;
Brasil;76;22/09/2020;39;210147125;4591604;33536;138108;836;3945627;507869;
Brasil;76;23/09/2020;39;210147125;4624885;33281;138977;869;3992886;493022;
Brasil;76;24/09/2020;39;210147125;4657702;32817;139808;831;4023789;494105;
Brasil;76;25/09/2020;39;210147125;4689613;31911;140537;729;4040949;508127;
Brasil;76;26/09/2020;39;210147125;4717991;28378;141406;869;4050837;525748;
Brasil;76;27/09/2020;40;210147125;4732309;14318;141741;335;4060088;530480;
Brasil;76;28/09/2020;40;210147125;4745464;13155;142058;317;4084182;519224;
Brasil;76;29/09/2020;40;210147125;4777522;32058;142921;863;4135088;499513;
Brasil;76;30/09/2020;40;210147125;4810935;33413;143952;1031;4180376;486607;
Brasil;76;01/10/2020;40;210147125;4847092;36157;144680;728;4212772;489640;
Brasil;76;02/10/2020;40;210147125;4880523;33431;145388;708;4232593;502542;
Brasil;76;03/10/2020;40;210147125;4906833;26310;145987;599;4248574;512272;
Brasil;76;04/10/2020;41;210147125;4915289;8456;146352;365;4263208;505729;
Brasil;76;05/10/2020;41;210147125;4927235;11946;146675;323;4295302;485258;
Brasil;76;06/10/2020;41;210147125;4969141;41906;147494;819;4352871;468776;
Brasil;76;07/10/2020;41;210147125;5000694;31553;148228;734;4391424;461042;
Brasil;76;08/10/2020;41;210147125;5028444;27750;148957;729;4414564;464923;
Brasil;76;09/10/2020;41;210147125;5055888;27444;149639;682;4433595;472654;
Brasil;76;10/10/2020;41;210147125;5082637;26749;150198;559;4453722;478717;
Brasil;76;11/10/2020;42;210147125;5094979;12342;150488;290;4470163;474328;
Brasil;76;12/10/2020;42;210147125;5103408;8429;150689;201;4495269;457450;
Brasil;76;13/10/2020;42;210147125;5113628;10220;150998;309;4526975;435655;
Brasil;76;14/10/2020;42;210147125;5140863;27235;151747;749;4568813;420303;
Brasil;76;15/10/2020;42;210147125;5169386;28523;152460;713;4599446;417480;
Brasil;76;16/10/2020;42;210147125;5200300;30914;153214;754;4619560;427526;
Brasil;76;17/10/2020;42;210147125;5224362;24062;153675;461;4635315;435372;
Brasil;76;18/10/2020;43;210147125;5235344;10982;153905;230;4650030;431409;
Brasil;76;19/10/2020;43;210147125;5250727;15383;154176;271;4681659;414892;
Brasil;76;20/10/2020;43;210147125;5273954;23227;154837;661;4721593;397524;
Brasil;76;21/10/2020;43;210147125;5298772;24818;155403;566;4756489;386880;
Brasil;76;22/10/2020;43;210147125;5323630;24858;155900;497;4779295;388435;
Brasil;76;23/10/2020;43;210147125;5353656;30026;156471;571;4797872;399313;
Brasil;76;24/10/2020;43;210147125;5380635;26979;156903;432;4817898;405834;
Brasil;76;25/10/2020;44;210147125;5394128;13493;157134;231;4835915;401079;
Brasil;76;26/10/2020;44;210147125;5409854;15726;157397;263;4865930;386527;
Brasil;76;27/10/2020;44;210147125;5439641;29787;157946;549;4904046;377649;
Brasil;76;28/10/2020;44;210147125;5468270;28629;158456;510;4934548;375266;
Brasil;76;29/10/2020;44;210147125;5494376;26106;158969;513;4954159;381248;
Brasil;76;30/10/2020;44;210147125;5516658;22282;159477;508;4966264;390917;
Brasil;76;31/10/2020;44;210147125;5535605;18947;159884;407;4972898;402823;
Brasil;76;01/11/2020;45;210147125;5545705;10100;160074;190;4980942;404689;
Brasil;76;02/11/2020;45;210147125;5554206;8501;160253;179;4998408;395545;
Brasil;76;03/11/2020;45;210147125;5566049;11843;160496;243;5028216;377337;
Brasil;76;04/11/2020;45;210147125;5590025;23976;161106;610;5064344;364575;
Brasil;76;05/11/2020;45;210147125;5612319;22294;161736;630;5088635;361948;
Brasil;76;06/11/2020;45;210147125;5633747;21428;162038;302;5104195;367514;
Brasil;76;07/11/2020;45;210147125;5653561;19814;162269;231;5119132;372160;
Brasil;76;08/11/2020;46;210147125;5664115;10554;162397;128;5133155;368563;
Brasil;76;09/11/2020;46;210147125;5675032;10917;162628;231;5154005;358399;
Brasil;76;10/11/2020;46;210147125;5700044;25012;162829;201;5189529;347686;
Brasil;76;11/11/2020;46;210147125;5748375;48331;163373;544;5236345;348657;
Brasil;76;12/11/2020;46;210147125;5781582;33207;164281;908;5256767;360534;
Brasil;76;13/11/2020;46;210147125;5810652;29070;164737;456;5267567;378348;
Brasil;76;14/11/2020;46;210147125;5848959;38307;165658;921;5291511;391790;
Brasil;76;15/11/2020;47;210147125;5863093;14134;165798;140;5303114;394181;
Brasil;76;16/11/2020;47;210147125;5876464;13371;166014;216;5322406;388044;
Brasil;76;17/11/2020;47;210147125;5911758;35294;166699;685;5361592;383467;
Brasil;76;18/11/2020;47;210147125;5945849;34091;167455;756;5389863;388531;
Brasil;76;19/11/2020;47;210147125;5981767;35918;168061;606;5407498;406208;
Brasil;76;20/11/2020;47;210147125;6020164;38397;168613;552;5422102;429449;
Brasil;76;21/11/2020;47;210147125;6052786;32622;168989;376;5429158;454639;
Brasil;76;22/11/2020;48;210147125;6071401;18615;169183;194;5432505;469713;
Brasil;76;23/11/2020;48;210147125;6087608;16207;169485;302;5445095;473028;
Brasil;76;24/11/2020;48;210147125;6118708;31100;170115;630;5476018;472575;
Brasil;76;25/11/2020;48;210147125;6166606;47898;170769;654;5512847;482990;
Brasil;76;26/11/2020;48;210147125;6204220;37614;171460;691;5528599;504161;
Brasil;76;27/11/2020;48;210147125;6238350;34130;171974;514;5536524;529852;
Brasil;76;28/11/2020;48;210147125;6290272;51922;172561;587;5562539;555172;
Brasil;76;29/11/2020;49;210147125;6314740;24468;172833;272;5578118;563789;
Brasil;76;30/11/2020;49;210147125;6335878;21138;173120;287;5601804;560954;
Brasil;76;01/12/2020;49;210147125;6386787;50909;173817;697;5656498;556472;
Brasil;76;02/12/2020;49;210147125;6436650;49863;174515;698;5698353;563782;
Brasil;76;03/12/2020;49;210147125;6487084;50434;175270;755;5725010;586804;
Brasil;76;04/12/2020;49;210147125;6533968;46884;175964;694;5744369;613635;
Brasil;76;05/12/2020;49;210147125;6577177;43209;176628;664;5761363;639186;
Brasil;76;06/12/2020;50;210147125;6603540;26363;176941;313;5776182;650417;
Brasil;76;07/12/2020;50;210147125;6623911;20371;177317;376;5801067;645527;
Brasil;76;08/12/2020;50;210147125;6674999;51088;178159;842;5854709;642131;
Brasil;76;09/12/2020;50;210147125;6728452;53453;178995;836;5901511;647946;
Brasil;76;10/12/2020;50;210147125;6781799;53347;179765;770;5931777;670257;
Brasil;76;11/12/2020;50;210147125;6836227;54428;180437;672;5954745;701045;
Brasil;76;12/12/2020;50;210147125;6880127;43900;181123;686;5969706;729298;
Brasil;76;13/12/2020;51;210147125;6901952;21825;181402;279;5982953;737597;
Brasil;76;14/12/2020;51;210147125;6927145;25193;181835;433;6016085;729225;
Brasil;76;15/12/2020;51;210147125;6970034;42889;182799;964;6067862;719373;
Brasil;76;16/12/2020;51;210147125;7040608;70574;183735;936;6132683;724190;
Brasil;76;17/12/2020;51;210147125;7110434;69826;184827;1092;6177702;747905;
Brasil;76;18/12/2020;51;210147125;7162978;52544;185650;823;6198185;779143;
Brasil;76;19/12/2020;51;210147125;7213155;50177;186356;706;6222764;804035;
Brasil;76;20/12/2020;52;210147125;7238600;25445;186764;408;6245801;806035;
Brasil;76;21/12/2020;52;210147125;7263619;25019;187291;527;6286980;789348;
Brasil;76;22/12/2020;52;210147125;7318821;55202;188259;968;6354972;775590;
Brasil;76;23/12/2020;52;210147125;7365517;46696;189220;961;6405356;770941;
Brasil;76;24/12/2020;52;210147125;7425593;60076;190006;786;6448740;785223;
Brasil;76;24/12/2020;52;210147125;7425593;0;190006;0;6449822;785765;
Brasil;76;25/12/2020;52;210147125;7448560;22967;190488;482;6459335;798737;
Brasil;76;26/12/2020;52;210147125;7465806;17246;190795;307;6475466;799545;
Brasil;76;27/12/2020;53;210147125;7484285;18479;191139;344;6515370;777776;
Brasil;76;28/12/2020;53;210147125;7504833;20548;191570;431;6568898;744365;
Brasil;76;29/12/2020;53;210147125;7563551;58718;192681;1111;6647538;723332;
Brasil;76;30/12/2020;53;210147125;7619200;55649;193875;1194;6707781;717544;
Brasil;76;31/12/2020;53;210147125;7675973;56773;194949;1074;6747065;733959;
Brasil;76;01/01/2021;53;210147125;7700578;24605;195411;462;6756284;748883;
Brasil;76;02/01/2021;53;210147125;7716405;15827;195725;314;6769420;751260;
Brasil;76;03/01/2021;53;210147125;7733746;17341;196018;293;6813008;724720;
Brasil;76;04/01/2021;53;210147125;7753752;20006;196561;543;6875230;681961;
Brasil;76;05/01/2021;53;210147125;7810400;56648;197732;1171;6963407;649261;
Brasil;76;06/01/2021;53;210147125;7873830;63430;198974;1242;7036530;638326;
Brasil;76;07/01/2021;53;210147125;7961673;87843;200498;1524;7096931;664244;
Brasil;76;08/01/2021;53;210147125;8013708;52035;201460;962;7114474;697774;
Brasil;76;09/01/2021;53;210147125;8075998;62290;202631;1171;7144011;729356;
Brasil;76;10/01/2021;54;210147125;8105790;29792;203100;469;7167651;735039;
Brasil;76;11/01/2021;54;210147125;8131612;25822;203580;480;7207483;720549;
Brasil;76;12/01/2021;54;210147125;8195637;64025;204690;1110;7273707;717240;
Brasil;76;13/01/2021;54;210147125;8256536;60899;205964;1274;7277195;713752;
Brasil;76;13/01/2021;54;210147125;8256536;0;205964;0;7316944;733628;
Brasil;76;14/01/2021;54;210147125;8324294;67758;207095;1131;7339703;777496;
Brasil;76;15/01/2021;54;210147125;8393492;69198;208246;1151;7361379;823867;
Brasil;76;16/01/2021;54;210147125;8455059;61567;209296;1050;7388784;856979;
Brasil;76;17/01/2021;55;210147125;8488099;33040;209847;551;7411654;866598;
Brasil;76;18/01/2021;55;210147125;8511770;23671;210299;452;7452047;849424;
Brasil;76;19/01/2021;55;210147125;8573864;62094;211491;1192;7518846;843527;
Brasil;76;20/01/2021;55;210147125;8638249;64385;212831;1340;7564622;860796;
Brasil;76;21/01/2021;55;210147125;8697368;59119;214147;1316;7580741;902480;
Brasil;76;22/01/2021;55;210147125;8753920;56552;215243;1096;7594771;943906;
Brasil;76;23/01/2021;55;210147125;8816254;62334;216445;1202;7628438;971371;
Brasil;76;24/01/2021;56;210147125;8844577;28323;217037;592;7653770;973770;
Brasil;76;25/01/2021;56;210147125;8871393;26816;217664;627;7709602;944127;
Brasil;76;26/01/2021;56;210147125;8933356;61963;218878;1214;7798655;915823;
Brasil;76;27/01/2021;56;210147125;8996876;63520;220161;1283;7877337;899378;
Brasil;76;28/01/2021;56;210147125;9058687;61811;221547;1386;7923794;913346;
Brasil;76;29/01/2021;56;210147125;9118513;59826;222666;1119;7960643;935204;
Brasil;76;30/01/2021;56;210147125;9176975;58462;223945;1279;7998246;954784;
Brasil;76;31/01/2021;57;210147125;9204731;27756;224504;559;8027042;953185;
Brasil;76;01/02/2021;57;210147125;9229322;24591;225099;595;8077967;926256;
Brasil;76;02/02/2021;57;210147125;9283418;54096;226309;1210;8160929;896180;
Brasil;76;03/02/2021;57;210147125;9339420;56002;227563;1254;8236864;874993;
Brasil;76;04/02/2021;57;210147125;9396293;56873;228795;1232;8291763;875735;
Brasil;76;05/02/2021;57;210147125;9447165;50872;230034;1239;8326798;890333;
Brasil;76;06/02/2021;57;210147125;9497795;50630;231012;978;8363677;903106;
Brasil;76;07/02/2021;58;210147125;9524640;26845;231534;522;8397187;895919;
Brasil;76;08/02/2021;58;210147125;9548079;23439;232170;636;8447645;868264;
Brasil;76;09/02/2021;58;210147125;9599565;51486;233520;1350;8523462;842583;
Brasil;76;10/02/2021;58;210147125;9659167;59602;234850;1330;8596130;828187;
Brasil;76;11/02/2021;58;210147125;9713909;54742;236201;1351;8643693;834015;
Brasil;76;12/02/2021;58;210147125;9765455;51546;237489;1288;8678327;849639;
Brasil;76;13/02/2021;58;210147125;9809754;44299;238532;1043;8710840;860382;
Brasil;76;14/02/2021;59;210147125;9834513;24759;239245;713;8745424;849844;
Brasil;76;15/02/2021;59;210147125;9866710;32197;239773;528;8805239;821698;
Brasil;76;16/02/2021;59;210147125;9921981;55271;240940;1167;8883191;797850;
Brasil;76;17/02/2021;59;210147125;9978747;56766;242090;1150;8950450;786207;
Brasil;76;18/02/2021;59;210147125;10030626;51879;243457;1367;8995246;791923;
Brasil;76;19/02/2021;59;210147125;10081676;51050;244765;1308;9029159;807752;
Brasil;76;20/02/2021;59;210147125;10139148;57472;245977;1212;9067939;825232;
Brasil;76;21/02/2021;60;210147125;10168174;29026;246504;527;9095483;826187;
Brasil;76;22/02/2021;60;210147125;10195160;26986;247143;639;9139215;808802;
Brasil;76;23/02/2021;60;210147125;10257875;62715;248529;1386;9215164;794182;
Brasil;76;24/02/2021;60;210147125;10324463;66588;249957;1428;9281018;793488;
Brasil;76;25/02/2021;60;210147125;10390461;65998;251498;1541;9323696;815267;
Brasil;76;26/02/2021;60;210147125;10455630;65169;252835;1337;;;
Brasil;76;27/02/2021;60;210147125;10517232;61602;254221;1386;9386440;876571;
Brasil;76;28/02/2021;61;210147125;10551259;34027;254942;721;9411033;885284;
Brasil;76;01/03/2021;61;210147125;10587001;35742;255720;778;9457100;874181;
Brasil;76;02/03/2021;61;210147125;10646926;59925;257361;1641;9527173;862392;
Brasil;76;03/03/2021;61;210147125;10718630;71704;259271;1910;9591590;867769;
Brasil;76;04/03/2021;61;210147125;10793732;75102;260970;1699;9637020;895742;
Brasil;76;05/03/2021;61;210147125;10869227;75495;262770;1800;9671410;935047;
Brasil;76;06/03/2021;61;210147125;10938836;69609;264325;1555;9704351;970160;
Brasil;76;07/03/2021;62;210147125;11019344;80508;265411;1086;9757178;996755;
Brasil;76;08/03/2021;62;210147125;11051665;32321;266398;987;9782320;1002947;
Brasil;76;09/03/2021;62;210147125;11122429;70764;268370;1972;9843218;1010841;
Brasil;76;10/03/2021;62;210147125;11202305;79876;270656;2286;9913739;1017910;
Brasil;76;11/03/2021;62;210147125;11277717;75412;272889;2233;9958566;1046262;
Brasil;76;12/03/2021;62;210147125;11363380;85663;275105;2216;10000980;1087295;
Brasil;76;13/03/2021;62;210147125;11439558;76178;277102;1997;10036947;1125509;
Brasil;76;14/03/2021;63;210147125;11483370;43812;278229;1127;10063808;1141333;
Brasil;76;15/03/2021;63;210147125;11519609;36239;279286;1057;10111954;1128369;
Brasil;76;16/03/2021;63;210147125;11603535;83926;282127;2841;10204541;1116867;
Brasil;76;17/03/2021;63;210147125;11693838;90303;284775;2648;10287057;1122006;
Brasil;76;18/03/2021;63;210147125;11780820;86982;287499;2724;10339432;1153889;
Brasil;76;19/03/2021;63;210147125;11871390;90570;290314;2815;10383460;1197616;
Brasil;76;20/03/2021;63;210147125;11950459;79069;292752;2438;10419393;1238314;
Brasil;76;21/03/2021;64;210147125;11998233;47774;294042;1290;10449933;1254258;
Brasil;76;22/03/2021;64;210147125;12047526;49293;295425;1383;10507995;1244106;
Brasil;76;23/03/2021;64;210147125;12130019;82493;298676;3251;10601658;1229685;
Brasil;76;24/03/2021;64;210147125;12220011;89992;300685;2009;10689646;1229680;
Brasil;76;25/03/2021;64;210147125;12320169;100158;303462;2777;10772549;1244158;
Brasil;76;26/03/2021;64;210147125;12404414;84245;307112;3650;10824095;1273207;
Brasil;76;27/03/2021;64;210147125;12490362;85948;310550;3438;10879627;1300185;
Brasil;76;28/03/2021;65;210147125;12534688;44326;312206;1656;10912941;1309541;
Brasil;76;29/03/2021;65;210147125;12573615;38927;313866;1660;10969247;1290502;
Brasil;76;30/03/2021;65;210147125;12658109;84494;317646;3780;11074483;1265980;
Brasil;76;31/03/2021;65;210147125;12748747;90638;321515;3869;11169937;1257295;
Brasil;76;01/04/2021;65;210147125;12839844;91097;325284;3769;11239099;1275461;
Brasil;76;02/04/2021;65;210147125;12910082;70238;328206;2922;11276628;1305248;
Brasil;76;03/04/2021;65;210147125;12953597;43515;330193;1987;11305746;1317658;
Brasil;76;04/04/2021;66;210147125;12984956;31359;331433;1240;11357521;1296002;
Brasil;76;05/04/2021;66;210147125;13013601;28645;332752;1319;11436189;1244660;
Brasil;76;06/04/2021;66;210147125;13100580;86979;336947;4195;11558784;1204849;
Brasil;76;07/04/2021;66;210147125;13193205;92625;340776;3829;11664158;1188271;
Brasil;76;08/04/2021;66;210147125;13279857;86652;345025;4249;11732193;1202639;
Brasil;76;09/04/2021;66;210147125;13373174;93317;348718;3693;11791885;1232571;
Brasil;76;10/04/2021;66;210147125;13445006;71832;351334;2616;11838564;1255108;
Brasil;76;11/04/2021;67;210147125;13482023;37017;353137;1803;11880803;1248083;
Brasil;76;12/04/2021;67;210147125;13517808;35785;354617;1480;11957068;1206123;
Brasil;76;13/04/2021;67;210147125;13599994;82186;358425;3808;12074798;1166771;
Brasil;76;14/04/2021;67;210147125;13673507;73513;361884;3459;12170771;1140852;
Brasil;76;15/04/2021;67;210147125;13746681;73174;365444;3560;12236295;1144942;
Brasil;76;16/04/2021;67;210147125;13832455;85774;368749;3305;12298863;1164843;
Brasil;76;17/04/2021;67;210147125;13900091;67636;371678;2929;12344861;1183552;
Brasil;76;18/04/2021;68;210147125;13943071;42980;373335;1657;12391599;1178137;
Brasil;76;19/04/2021;68;210147125;13973695;30624;374682;1347;12460712;1138301;
Brasil;76;20/04/2021;68;210147125;14043076;69381;378003;3321;12561689;1103384;
Brasil;76;21/04/2021;68;210147125;14122795;79719;381475;3472;12646132;1095188;
Brasil;76;22/04/2021;68;210147125;14167973;45178;383502;2027;12673785;1110686;
Brasil;76;23/04/2021;68;210147125;14237078;69105;386416;2914;12711103;1139559;
Brasil;76;24/04/2021;68;210147125;14308215;71137;389492;3076;12766772;1151951;
Brasil;76;25/04/2021;69;210147125;14340787;32572;390797;1305;12809169;1140821;
Brasil;76;26/04/2021;69;210147125;14369423;28636;391936;1139;12879051;1098436;
Brasil;76;27/04/2021;69;210147125;14441563;72140;395022;3086;12992442;1054099;
Brasil;76;28/04/2021;69;210147125;14521289;79726;398185;3163;13091714;1031390;
Brasil;76;29/04/2021;69;210147125;14590678;69389;401186;3001;13152118;1037374;
Brasil;76;30/04/2021;69;210147125;14659011;68333;403781;2595;13194538;1060692;
Brasil;76;01/05/2021;69;210147125;14725975;66964;406437;2656;13242665;1076873;
Brasil;76;02/05/2021;70;210147125;14754910;28935;407639;1202;13278718;1068553;
Brasil;76;03/05/2021;70;210147125;14779529;24619;408622;983;13336476;1034431;
Brasil;76;04/05/2021;70;210147125;14856888;77359;411588;2966;13442996;1002304;
Brasil;76;05/05/2021;70;210147125;14930183;73295;414399;2811;13529572;986212;
Brasil;76;06/05/2021;70;210147125;15003563;73380;416949;2550;13591335;995279;
Brasil;76;07/05/2021;70;210147125;15082449;78886;419114;2165;13640478;1022857;
Brasil;76;08/05/2021;70;210147125;15145879;63430;421316;2202;13677668;1046895;
Brasil;76;09/05/2021;71;210147125;15184790;38911;422340;1024;13714135;1048315;
Brasil;76;10/05/2021;71;210147125;15209990;25200;423229;889;13759125;1027636;
Brasil;76;11/05/2021;71;210147125;15282705;72715;425540;2311;13847191;1009974;
Brasil;76;12/05/2021;71;210147125;15359397;76692;428034;2494;13924217;1007146;
Brasil;76;13/05/2021;71;210147125;15433989;74592;430417;2383;13979329;1024243;
Brasil;76;14/05/2021;71;210147125;15519525;85536;432628;2211;14028355;1058542;
Brasil;76;15/05/2021;71;210147125;15586534;67009;434715;2087;14062396;1089423;
Brasil;76;16/05/2021;72;210147125;15627475;40941;435751;1036;14097287;1094437;
Brasil;76;17/05/2021;72;210147125;15657391;29916;436537;786;14152433;1068421;
Brasil;76;18/05/2021;72;210147125;15732836;75445;439050;2513;14247609;1046177;
Brasil;76;19/05/2021;72;210147125;15812055;79219;441691;2641;14330118;1040246;
Brasil;76;20/05/2021;72;210147125;15894094;82039;444094;2403;14385962;1064038;
Brasil;76;21/05/2021;72;210147125;15970949;76855;446309;2215;14422209;1102431;
Brasil;76;22/05/2021;72;210147125;16047439;76490;448208;1899;14462432;1136799;
Brasil;76;23/05/2021;73;210147125;16083258;35819;449068;860;14492167;1142023;
Brasil;76;24/05/2021;73;210147125;16120756;37498;449858;790;14552024;1118874;
Brasil;76;25/05/2021;73;210147125;16194209;73453;452031;2173;14648332;1093846;
Brasil;76;26/05/2021;73;210147125;16274695;80486;454429;2398;14733987;1086279;
Brasil;76;27/05/2021;73;210147125;16342162;67467;456674;2245;14786292;1099196;
